id,severity
322620,normal
322620,minor
322807,enhancement
322807,trivial
322837,normal
322837,enhancement
322837,normal
322462,minor
322462,trivial
323100,normal
323100,minor
323721,major
323721,normal
323769,normal
323769,major
323524,enhancement
323524,trivial
325079,major
325079,normal
325579,major
325579,normal
326142,minor
326142,normal
327624,normal
327624,trivial
328063,normal
328063,critical
328166,critical
328166,blocker
328172,normal
328172,minor
328385,minor
328385,normal
322848,normal
322848,enhancement
322848,normal
328615,blocker
328615,major
328615,normal
328801,normal
328801,minor
329163,normal
329163,minor
329390,normal
329390,trivial
330310,normal
330310,major
324734,normal
324734,minor
330439,normal
330439,trivial
330599,major
330599,minor
325922,normal
325922,major
330633,normal
330633,minor
330804,enhancement
330804,trivial
330805,enhancement
330805,trivial
330806,enhancement
330806,trivial
329630,blocker
329630,trivial
322122,critical
322122,trivial
325788,critical
325788,trivial
327262,critical
327262,trivial
323294,major
323294,trivial
324098,major
324098,trivial
324398,major
324398,trivial
324788,major
324788,trivial
327904,major
327904,trivial
328371,major
328371,trivial
328709,major
328709,trivial
331076,major
331076,trivial
331004,normal
331004,trivial
330996,normal
330996,trivial
331003,normal
331003,trivial
331343,normal
331343,minor
331343,major
331534,normal
331534,minor
333648,normal
333648,minor
333870,trivial
333870,minor
331365,minor
331365,major
331691,normal
331691,major
335354,minor
335354,normal
335389,normal
335389,trivial
331688,major
331688,normal
326946,enhancement
326946,minor
333581,minor
333581,enhancement
333581,minor
336890,normal
336890,minor
337118,normal
337118,minor
337681,major
337681,normal
337777,minor
337777,trivial
337995,major
337995,trivial
337995,major
337996,major
337996,trivial
333772,normal
333772,minor
338573,major
338573,normal
338965,normal
338965,trivial
339684,enhancement
339684,minor
340210,normal
340210,minor
340828,blocker
340828,minor
340848,normal
340848,minor
340538,normal
340538,major
341195,normal
341195,blocker
341193,normal
341193,blocker
342104,normal
342104,minor
342528,normal
342528,major
342842,normal
342842,trivial
342828,normal
342828,minor
343189,critical
343189,minor
343248,normal
343248,minor
343418,normal
343418,trivial
343361,normal
343361,minor
343726,major
343726,normal
343752,critical
343752,normal
339731,enhancement
339731,minor
344043,normal
344043,major
344106,critical
344106,major
344293,normal
344293,minor
344448,critical
344448,major
344507,normal
344507,trivial
344527,major
344527,critical
344527,major
338439,normal
338439,major
338439,normal
323521,minor
323521,normal
344748,normal
344748,minor
345364,normal
345364,trivial
344282,trivial
344282,minor
345958,major
345958,normal
345970,normal
345970,trivial
345971,enhancement
345971,trivial
346091,normal
346091,minor
346086,minor
346086,major
346155,normal
346155,minor
346249,normal
346249,minor
348282,normal
348282,minor
348529,normal
348529,blocker
348464,major
348464,critical
349026,blocker
349026,major
349356,normal
349356,trivial
349764,normal
349764,enhancement
349764,normal
351752,normal
351752,major
349852,normal
349852,major
353623,normal
353623,major
353656,blocker
353656,normal
353758,critical
353758,normal
353965,normal
353965,minor
354304,normal
354304,blocker
354304,major
351765,critical
351765,normal
353520,critical
353520,normal
355420,normal
355420,minor
355744,normal
355744,major
355744,critical
355870,normal
355870,enhancement
355870,minor
355870,normal
330365,minor
330365,normal
330365,major
357209,major
357209,normal
357278,major
357278,normal
357429,critical
357429,major
357391,minor
357391,trivial
357580,normal
357580,minor
357847,critical
357847,normal
349210,normal
349210,major
358355,normal
358355,blocker
358355,major
358238,major
358238,normal
354905,enhancement
354905,normal
359234,critical
359234,normal
359234,minor
359234,critical
359234,minor
359621,normal
359621,minor
359685,normal
359685,minor
360607,critical
360607,major
361252,normal
361252,major
354868,normal
354868,minor
361251,blocker
361251,normal
361655,normal
361655,major
363910,normal
363910,trivial
363912,normal
363912,trivial
363916,normal
363916,minor
363915,normal
363915,minor
364055,minor
364055,trivial
364134,normal
364134,critical
364065,normal
364065,minor
325691,trivial
325691,minor
364163,normal
364163,minor
364167,normal
364167,trivial
364157,normal
364157,minor
364160,normal
364160,minor
364162,normal
364162,minor
364173,normal
364173,minor
364172,normal
364172,trivial
364169,normal
364169,trivial
364165,normal
364165,minor
364164,normal
364164,minor
364161,normal
364161,minor
364161,normal
364637,critical
364637,major
363717,normal
363717,major
363717,normal
364851,normal
364851,minor
364923,normal
364923,minor
364958,normal
364958,minor
364960,normal
364960,trivial
364951,normal
364951,minor
365046,normal
365046,minor
365056,normal
365056,trivial
365054,normal
365054,trivial
365055,normal
365055,trivial
365070,normal
365070,major
365070,critical
365070,major
365122,normal
365122,minor
365083,normal
365083,trivial
365062,normal
365062,trivial
365061,normal
365061,trivial
365256,normal
365256,trivial
355995,normal
355995,minor
365221,normal
365221,trivial
365219,enhancement
365219,trivial
365450,normal
365450,minor
365587,normal
365587,minor
365588,normal
365588,minor
365456,minor
365456,trivial
365483,minor
365483,trivial
365484,minor
365484,trivial
365486,minor
365486,trivial
365487,normal
365487,trivial
365488,normal
365488,trivial
365491,normal
365491,trivial
365492,normal
365492,trivial
365493,normal
365493,trivial
365494,normal
365494,trivial
365495,normal
365495,trivial
365496,normal
365496,trivial
365497,normal
365497,trivial
365498,normal
365498,trivial
365500,normal
365500,trivial
365502,normal
365502,trivial
365503,normal
365503,trivial
365504,normal
365504,trivial
365505,normal
365505,trivial
365506,normal
365506,trivial
365507,normal
365507,trivial
365508,normal
365508,trivial
365509,normal
365509,trivial
365510,normal
365510,trivial
365511,normal
365511,trivial
365512,normal
365512,trivial
365513,normal
365513,trivial
365514,normal
365514,trivial
365515,normal
365515,trivial
365516,normal
365516,trivial
365554,minor
365554,trivial
365557,minor
365557,trivial
365559,minor
365559,trivial
365560,minor
365560,trivial
365565,minor
365565,trivial
365566,minor
365566,trivial
365567,minor
365567,trivial
365568,minor
365568,trivial
365518,normal
365518,minor
365519,normal
365519,minor
365520,normal
365520,minor
365521,normal
365521,minor
365521,trivial
365522,normal
365522,minor
365524,normal
365524,minor
365525,normal
365525,trivial
365668,normal
365668,minor
365697,normal
365697,major
365229,minor
365229,normal
365035,major
365035,normal
365593,normal
365593,minor
366190,normal
366190,minor
366152,normal
366152,trivial
366120,normal
366120,minor
366121,normal
366121,minor
366181,normal
366181,minor
366306,major
366306,normal
366306,minor
366380,normal
366380,trivial
366381,normal
366381,trivial
366383,normal
366383,minor
366384,normal
366384,trivial
366385,normal
366385,trivial
366629,normal
366629,major
367258,normal
367258,minor
367343,normal
367343,trivial
367466,blocker
367466,minor
367649,normal
367649,minor
367924,normal
367924,minor
367924,normal
365119,minor
365119,trivial
368311,normal
368311,enhancement
368311,normal
367674,normal
367674,major
362436,normal
362436,blocker
362436,normal
369086,normal
369086,major
369139,normal
369139,trivial
364177,major
364177,normal
364697,enhancement
364697,minor
369268,normal
369268,trivial
365926,major
365926,minor
365926,major
365926,normal
369489,normal
369489,minor
370370,major
370370,normal
370664,critical
370664,blocker
370664,minor
370704,normal
370704,blocker
370705,normal
370705,blocker
370706,normal
370706,blocker
370707,normal
370707,blocker
370708,normal
370708,blocker
370714,normal
370714,blocker
370715,normal
370715,blocker
370739,blocker
370739,major
370885,normal
370885,minor
371808,minor
371808,normal
372092,normal
372092,major
372589,major
372589,minor
372723,normal
372723,major
372723,minor
352615,normal
352615,minor
352615,normal
372997,normal
372997,minor
373511,normal
373511,major
373869,critical
373869,major
373997,normal
373997,major
373926,normal
373926,minor
372668,major
372668,minor
374951,major
374951,normal
375143,normal
375143,minor
374051,major
374051,critical
375138,normal
375138,major
376061,major
376061,minor
375007,normal
375007,enhancement
375007,normal
375798,enhancement
375798,minor
377825,normal
377825,minor
349029,normal
349029,trivial
366346,enhancement
366346,minor
379787,minor
379787,normal
380267,normal
380267,minor
380552,normal
380552,minor
380797,minor
380797,normal
380928,normal
380928,minor
376427,major
376427,blocker
381531,normal
381531,major
382037,normal
382037,major
379127,normal
379127,minor
383432,critical
383432,normal
383850,normal
383850,minor
384000,minor
384000,trivial
385003,major
385003,normal
385319,normal
385319,trivial
385384,normal
385384,minor
385624,normal
385624,trivial
386860,normal
386860,major
387265,normal
387265,minor
365472,normal
365472,trivial
340350,normal
340350,minor
387705,normal
387705,critical
387831,normal
387831,major
363908,normal
363908,trivial
389471,normal
389471,minor
389471,major
389471,normal
389517,normal
389517,minor
389815,enhancement
389815,minor
390557,normal
390557,minor
391073,major
391073,normal
391519,normal
391519,minor
391665,enhancement
391665,trivial
391669,normal
391669,major
341449,normal
341449,minor
365060,normal
365060,trivial
392212,normal
392212,enhancement
392212,normal
392575,normal
392575,minor
392575,normal
365088,normal
365088,trivial
391945,normal
391945,minor
369062,normal
369062,trivial
393751,normal
393751,trivial
394933,minor
394933,enhancement
394933,minor
395603,major
395603,blocker
395632,normal
395632,major
395632,critical
395727,normal
395727,minor
395771,major
395771,normal
395970,major
395970,minor
395970,normal
396558,major
396558,minor
396616,normal
396616,major
396934,normal
396934,enhancement
396934,minor
349567,major
349567,normal
397575,normal
397575,minor
397544,trivial
397544,minor
397616,normal
397616,minor
398990,major
398990,minor
400243,normal
400243,minor
400256,major
400256,minor
400729,normal
400729,minor
383522,normal
383522,major
402606,normal
402606,minor
402609,normal
402609,trivial
403326,normal
403326,minor
355620,trivial
355620,normal
380756,normal
380756,minor
405404,normal
405404,major
406462,normal
406462,minor
406462,normal
406758,minor
406758,trivial
406836,normal
406836,minor
408446,major
408446,critical
410608,critical
410608,major
410660,normal
410660,major
410776,normal
410776,blocker
410873,enhancement
410873,normal
411486,normal
411486,major
410521,normal
410521,major
412504,normal
412504,blocker
413121,critical
413121,major
391274,normal
391274,trivial
413648,normal
413648,minor
413830,normal
413830,minor
414269,normal
414269,minor
415177,normal
415177,critical
378908,minor
378908,trivial
416382,critical
416382,major
388099,enhancement
388099,minor
418518,minor
418518,major
419014,normal
419014,major
419014,normal
419016,normal
419016,minor
419979,major
419979,normal
420153,normal
420153,minor
391949,normal
391949,trivial
390370,normal
390370,trivial
423439,normal
423439,critical
423439,major
423564,normal
423564,minor
424640,critical
424640,normal
417530,normal
417530,blocker
425606,major
425606,normal
425599,normal
425599,minor
425665,blocker
425665,critical
425647,normal
425647,minor
426165,normal
426165,minor
426165,trivial
425433,minor
425433,normal
425636,normal
425636,minor
322955,major
322955,normal
428406,normal
428406,enhancement
428406,normal
431201,major
431201,critical
431201,major
431704,normal
431704,minor
430398,normal
430398,minor
433851,normal
433851,minor
433987,normal
433987,major
434062,normal
434062,critical
434741,normal
434741,minor
436034,normal
436034,trivial
437369,minor
437369,normal
438810,major
438810,minor
438810,major
438810,minor
441406,normal
441406,minor
441592,normal
441592,major
443162,normal
443162,blocker
443169,normal
443169,blocker
443166,normal
443166,blocker
443164,normal
443164,blocker
443163,normal
443163,blocker
443479,normal
443479,minor
398075,enhancement
398075,major
446645,normal
446645,minor
445804,normal
445804,minor
437169,normal
437169,minor
449504,normal
449504,minor
449663,normal
449663,major
449984,critical
449984,major
450013,blocker
450013,critical
450013,major
450013,normal
450630,normal
450630,minor
450747,normal
450747,minor
368502,enhancement
368502,major
452734,major
452734,minor
452734,major
452746,minor
452746,trivial
452750,normal
452750,minor
452750,normal
452813,normal
452813,minor
452919,normal
452919,minor
452844,major
452844,critical
452733,normal
452733,minor
452736,critical
452736,minor
452893,normal
452893,critical
452888,enhancement
452888,major
452888,enhancement
452888,major
340609,normal
340609,major
453389,major
453389,normal
453681,normal
453681,major
434008,normal
434008,minor
431744,major
431744,minor
455302,normal
455302,minor
455814,normal
455814,minor
455845,normal
455845,minor
425668,normal
425668,minor
456058,minor
456058,trivial
456642,normal
456642,minor
457642,normal
457642,critical
355283,major
355283,normal
355283,major
458142,normal
458142,trivial
458142,minor
458218,normal
458218,minor
458390,normal
458390,minor
458189,normal
458189,minor
458189,normal
458475,normal
458475,minor
454386,normal
454386,trivial
458666,normal
458666,minor
458854,normal
458854,major
327626,normal
327626,minor
460303,major
460303,minor
457657,normal
457657,enhancement
457657,normal
460995,minor
460995,trivial
461548,normal
461548,minor
461729,normal
461729,major
461729,normal
461745,major
461745,normal
461837,normal
461837,minor
463380,normal
463380,minor
464130,major
464130,blocker
465118,normal
465118,trivial
465606,major
465606,normal
465930,normal
465930,trivial
465930,minor
466491,major
466491,minor
466692,major
466692,normal
467171,minor
467171,normal
467171,minor
467334,normal
467334,trivial
467279,normal
467279,trivial
466748,normal
466748,minor
466748,normal
469992,normal
469992,trivial
471518,normal
471518,major
471518,normal
471518,major
471060,normal
471060,minor
472400,major
472400,normal
472416,minor
472416,trivial
472458,normal
472458,major
470214,normal
470214,minor
473557,normal
473557,minor
474150,normal
474150,minor
460074,minor
460074,enhancement
460074,minor
376044,normal
376044,major
474881,minor
474881,normal
472080,normal
472080,blocker
475523,normal
475523,minor
476603,blocker
476603,major
476678,normal
476678,blocker
476678,major
476925,critical
476925,normal
476925,critical
476925,normal
477745,normal
477745,major
478067,normal
478067,minor
477593,normal
477593,minor
477593,normal
478698,critical
478698,normal
479228,normal
479228,minor
479164,normal
479164,minor
479345,normal
479345,critical
479446,normal
479446,minor
480001,normal
480001,major
479948,normal
479948,minor
480044,critical
480044,normal
480980,normal
480980,minor
481952,normal
481952,minor
453962,minor
453962,trivial
486006,normal
486006,major
486057,minor
486057,trivial
486840,normal
486840,critical
487904,enhancement
487904,normal
488064,major
488064,normal
488064,major
490680,normal
490680,minor
491198,normal
491198,minor
491262,normal
491262,minor
491467,trivial
491467,major
493826,enhancement
493826,normal
469794,normal
469794,major
494751,normal
494751,minor
495853,major
495853,normal
497130,critical
497130,normal
496856,normal
496856,minor
467992,major
467992,minor
498295,normal
498295,enhancement
498295,minor
498378,critical
498378,normal
498309,critical
498309,major
498318,critical
498318,major
499121,normal
499121,minor
499112,major
499112,normal
502698,normal
502698,major
490928,normal
490928,minor
504522,major
504522,normal
504946,normal
504946,minor
505079,critical
505079,normal
507389,normal
507389,critical
507389,major
507389,critical
507326,normal
507326,minor
509176,major
509176,minor
509176,normal
509176,minor
510147,major
510147,minor
510798,enhancement
510798,minor
511216,normal
511216,enhancement
511216,normal
508189,minor
508189,normal
512983,normal
512983,trivial
514778,normal
514778,minor
515149,normal
515149,minor
515191,critical
515191,blocker
515328,enhancement
515328,blocker
515568,normal
515568,minor
516157,normal
516157,major
516157,normal
517761,trivial
517761,normal
517793,minor
517793,major
518821,normal
518821,minor
519426,major
519426,normal
436189,trivial
436189,minor
436189,major
436189,normal
520768,major
520768,normal
520993,major
520993,normal
521184,major
521184,normal
521463,normal
521463,minor
521463,enhancement
521463,minor
522404,enhancement
522404,minor
470608,normal
470608,minor
523075,normal
523075,critical
523075,normal
523071,major
523071,normal
523495,major
523495,critical
524795,major
524795,normal
460742,normal
460742,minor
474738,minor
474738,normal
529508,normal
529508,critical
529508,major
360626,normal
360626,minor
506908,normal
506908,major
523762,normal
523762,major
531107,blocker
531107,critical
531243,major
531243,normal
531841,normal
531841,enhancement
531841,normal
532865,major
532865,minor
523185,critical
523185,major
460372,normal
460372,minor
434801,normal
434801,major
434801,normal
534844,critical
534844,major
534844,critical
534844,major
534798,major
534798,normal
377358,normal
377358,minor
514703,normal
514703,major
536553,normal
536553,trivial
532518,trivial
532518,normal
429431,normal
429431,minor
537328,normal
537328,minor
537789,minor
537789,trivial
537834,major
537834,normal
537887,normal
537887,enhancement
537887,minor
538134,normal
538134,minor
480968,normal
480968,major
539212,normal
539212,major
533363,normal
533363,major
543342,critical
543342,blocker
543500,normal
543500,critical
543728,normal
543728,minor
544434,normal
544434,minor
545488,normal
545488,minor
545610,major
545610,normal
545762,normal
545762,minor
407436,normal
407436,major
407436,minor
526272,normal
526272,minor
499151,major
499151,normal
531577,normal
531577,minor
547550,major
547550,normal
547852,normal
547852,minor
548933,normal
548933,major
548933,normal
549595,major
549595,normal
553693,major
553693,normal
553693,minor
555431,normal
555431,minor
553884,normal
553884,minor
555766,major
555766,normal
556195,normal
556195,minor
556439,normal
556439,minor
557017,normal
557017,minor
557324,normal
557324,minor
558318,normal
558318,major
558318,blocker
556579,normal
556579,major
559539,normal
559539,minor
559604,normal
559604,major
559604,normal
559790,major
559790,normal
560281,normal
560281,minor
561129,normal
561129,minor
561296,minor
561296,normal
561745,normal
561745,major
561758,major
561758,normal
561797,normal
561797,minor
562329,normal
562329,trivial
562329,normal
562014,major
562014,normal
562014,major
562551,minor
562551,normal
564028,major
564028,normal
564730,normal
564730,blocker
564730,normal
559398,normal
559398,minor
566499,normal
566499,minor
508555,normal
508555,trivial
567780,major
567780,critical
568609,normal
568609,minor
568760,normal
568760,critical
568760,normal
571817,major
571817,normal
572514,major
572514,normal
572602,major
572602,critical
574177,enhancement
574177,minor
575340,normal
575340,minor
576064,normal
576064,minor
576255,normal
576255,minor
574327,normal
574327,minor
577014,normal
577014,minor
577139,normal
577139,minor
577520,normal
577520,minor
577835,normal
577835,minor
577851,normal
577851,critical
577854,normal
577854,minor
578003,normal
578003,minor
521416,major
521416,normal
578762,normal
578762,trivial
578240,normal
578240,minor
580217,normal
580217,minor
580206,normal
580206,blocker
582529,normal
582529,trivial
582941,normal
582941,minor
585006,critical
585006,minor
585006,critical
585006,minor
556649,major
556649,normal
585859,normal
585859,minor
586560,major
586560,normal
587108,critical
587108,normal
588013,normal
588013,trivial
588915,normal
588915,trivial
584115,normal
584115,major
589547,normal
589547,minor
589801,normal
589801,minor
591165,major
591165,critical
590144,normal
590144,minor
593138,normal
593138,minor
516457,minor
516457,normal
594237,major
594237,minor
594231,major
594231,normal
575947,major
575947,normal
595448,normal
595448,major
595664,normal
595664,minor
596038,enhancement
596038,minor
596855,normal
596855,minor
598213,normal
598213,trivial
600464,normal
600464,major
600464,critical
600668,major
600668,normal
601142,normal
601142,minor
603127,critical
603127,major
603127,normal
603314,major
603314,critical
588175,major
588175,normal
577428,major
577428,normal
595569,normal
595569,major
598549,normal
598549,major
598549,normal
607361,normal
607361,minor
607633,normal
607633,minor
607909,minor
607909,normal
608375,normal
608375,minor
610000,normal
610000,minor
615570,minor
615570,trivial
615574,major
615574,normal
615627,normal
615627,enhancement
615627,normal
615824,normal
615824,minor
617133,major
617133,normal
619864,critical
619864,normal
620796,critical
620796,major
621105,normal
621105,minor
621090,normal
621090,minor
621108,normal
621108,minor
621110,normal
621110,minor
621128,enhancement
621128,trivial
621107,normal
621107,minor
621572,trivial
621572,critical
622105,normal
622105,trivial
625339,critical
625339,normal
627660,minor
627660,trivial
628034,major
628034,normal
628034,critical
628034,major
628034,normal
629007,normal
629007,minor
461014,normal
461014,minor
633185,major
633185,normal
633508,normal
633508,trivial
634826,minor
634826,normal
636084,major
636084,minor
636502,normal
636502,trivial
643411,normal
643411,minor
644281,minor
644281,normal
644962,major
644962,normal
645427,normal
645427,minor
645433,normal
645433,minor
646441,normal
646441,minor
647882,normal
647882,minor
648899,major
648899,minor
538428,normal
538428,major
650222,major
650222,normal
650222,minor
646578,normal
646578,critical
651491,critical
651491,minor
643910,normal
643910,major
652427,critical
652427,major
526737,major
526737,normal
652783,normal
652783,trivial
653341,critical
653341,normal
653404,enhancement
653404,minor
653659,normal
653659,minor
653713,normal
653713,blocker
654121,critical
654121,normal
656769,normal
656769,major
658056,normal
658056,trivial
659185,normal
659185,minor
660053,normal
660053,minor
660053,normal
659816,major
659816,minor
658063,normal
658063,minor
660888,normal
660888,minor
661314,major
661314,normal
663208,normal
663208,major
664089,major
664089,normal
666497,normal
666497,critical
666695,normal
666695,minor
666699,normal
666699,minor
670544,normal
670544,minor
671213,major
671213,normal
673044,blocker
673044,normal
673043,blocker
673043,normal
673582,normal
673582,minor
675540,normal
675540,trivial
675080,normal
675080,minor
676430,normal
676430,trivial
676880,normal
676880,minor
677901,normal
677901,minor
678959,normal
678959,minor
672947,normal
672947,minor
655652,enhancement
655652,normal
690412,normal
690412,major
691243,normal
691243,trivial
693267,normal
693267,major
344917,normal
344917,minor
696865,normal
696865,enhancement
696865,normal
701350,normal
701350,critical
704106,normal
704106,blocker
704106,normal
705474,normal
705474,minor
692354,normal
692354,minor
706271,normal
706271,minor
708055,normal
708055,major
711960,normal
711960,major
713144,normal
713144,minor
714074,normal
714074,minor
715132,blocker
715132,normal
715514,minor
715514,trivial
717210,normal
717210,critical
717210,normal
717215,normal
717215,trivial
717217,normal
717217,minor
718319,normal
718319,critical
469068,minor
469068,normal
718183,normal
718183,minor
560046,normal
560046,minor
723944,normal
723944,major
724366,normal
724366,minor
726953,normal
726953,trivial
724806,normal
724806,minor
725663,normal
725663,major
718594,normal
718594,trivial
728639,normal
728639,major
728844,normal
728844,trivial
729908,normal
729908,blocker
730552,normal
730552,minor
528918,normal
528918,minor
731001,normal
731001,blocker
731001,normal
695514,enhancement
695514,normal
731219,major
731219,blocker
731725,normal
731725,minor
732912,normal
732912,minor
732978,normal
732978,major
736057,normal
736057,minor
736388,normal
736388,critical
735821,normal
735821,minor
742683,normal
742683,minor
746547,normal
746547,trivial
749074,normal
749074,minor
581365,normal
581365,minor
752479,normal
752479,critical
752479,normal
754561,normal
754561,major
754561,normal
754616,normal
754616,minor
752751,normal
752751,minor
756550,critical
756550,minor
756550,critical
756550,minor
753688,normal
753688,major
754981,normal
754981,minor
745533,normal
745533,major
753635,normal
753635,minor
760034,normal
760034,trivial
762783,normal
762783,minor
763412,normal
763412,major
763412,normal
765315,blocker
765315,normal
765315,minor
765558,major
765558,normal
762787,normal
762787,minor
762785,normal
762785,minor
766986,normal
766986,minor
553553,normal
553553,minor
768880,normal
768880,minor
765189,normal
765189,blocker
765189,normal
771302,normal
771302,trivial
773622,normal
773622,major
772359,enhancement
772359,normal
771810,normal
771810,minor
772620,normal
772620,minor
773948,normal
773948,critical
776103,normal
776103,trivial
776273,normal
776273,minor
776972,normal
776972,critical
776982,critical
776982,major
779309,normal
779309,minor
780657,critical
780657,normal
778558,normal
778558,blocker
778558,normal
781850,critical
781850,major
771100,normal
771100,major
786159,critical
786159,minor
787123,normal
787123,trivial
787688,normal
787688,major
788392,major
788392,minor
788870,normal
788870,minor
476605,normal
476605,minor
791554,normal
791554,trivial
793381,normal
793381,minor
793826,enhancement
793826,normal
793858,normal
793858,minor
790296,normal
790296,major
393889,normal
393889,trivial
365451,normal
365451,trivial
795191,critical
795191,normal
795273,normal
795273,trivial
798389,normal
798389,trivial
799721,normal
799721,blocker
799721,major
800196,normal
800196,minor
800964,normal
800964,trivial
803600,normal
803600,minor
365059,normal
365059,minor
810563,normal
810563,trivial
810954,normal
810954,trivial
811280,major
811280,enhancement
811280,major
811280,normal
811650,major
811650,normal
811630,major
811630,normal
367475,normal
367475,trivial
812220,normal
812220,minor
814049,normal
814049,minor
814841,normal
814841,minor
818007,normal
818007,major
824620,normal
824620,minor
322061,normal
322082,normal
322112,normal
322190,minor
322212,critical
322224,major
322231,minor
322244,trivial
322304,normal
322315,normal
322412,trivial
322712,normal
322728,minor
322745,normal
322771,normal
322819,normal
322904,normal
322905,normal
322921,normal
322954,normal
322960,blocker
322963,minor
323031,minor
323070,minor
323106,major
323113,normal
323204,normal
323268,normal
323293,major
323392,trivial
323525,normal
323563,normal
323575,normal
323627,normal
323642,normal
323644,normal
323728,critical
323766,major
323905,normal
323912,minor
323955,normal
323967,trivial
324099,major
324101,major
324235,trivial
324243,normal
324248,normal
324265,normal
324346,normal
324399,trivial
324413,normal
324687,normal
324689,normal
324784,normal
324990,trivial
325037,trivial
325048,normal
325195,minor
325266,normal
325309,minor
325329,normal
325361,normal
325448,trivial
325452,normal
325813,normal
326060,trivial
326080,minor
326122,normal
326217,normal
326311,trivial
326451,normal
326803,trivial
326862,normal
326949,normal
327193,normal
327289,normal
327334,critical
327348,normal
327355,normal
327375,normal
327426,normal
327625,normal
327628,normal
327690,normal
327801,normal
328013,normal
328019,normal
328031,normal
328089,trivial
328108,blocker
328203,normal
328239,major
328244,normal
328274,normal
328330,normal
328332,normal
328379,minor
328484,major
328493,major
328507,major
328628,minor
328689,blocker
328730,critical
328739,normal
328815,normal
328848,normal
328852,major
329042,normal
329082,normal
329172,minor
329177,critical
329178,trivial
329189,blocker
329193,blocker
329194,blocker
329195,blocker
329196,blocker
329197,blocker
329214,normal
329289,normal
329295,normal
329323,normal
329334,normal
329374,normal
329528,trivial
329532,normal
329537,normal
329556,major
329602,normal
329628,blocker
329629,blocker
329632,blocker
329638,normal
329730,normal
329760,normal
329783,normal
329789,normal
330016,normal
330186,blocker
330304,normal
330339,minor
330430,major
330476,normal
330485,normal
330502,normal
330519,trivial
330555,major
330577,normal
330580,major
330583,trivial
330588,trivial
330686,normal
330700,blocker
330717,minor
330788,normal
330837,trivial
330838,trivial
330840,trivial
330841,trivial
330843,trivial
330844,trivial
330849,trivial
330931,minor
330944,trivial
330984,trivial
330985,trivial
330986,trivial
330987,trivial
330988,trivial
330989,trivial
331005,normal
331006,normal
331072,normal
331191,normal
331313,major
331486,normal
331489,major
331555,normal
331583,major
331587,normal
331643,critical
331811,normal
331816,major
332064,normal
332142,normal
332190,major
332235,normal
332351,normal
332518,normal
332555,normal
332600,normal
332692,normal
332705,normal
332709,normal
332891,normal
332906,normal
332969,normal
332995,trivial
333031,minor
333158,major
333195,critical
333326,major
333407,minor
333442,major
333469,normal
333682,critical
333750,normal
333774,normal
333836,trivial
333844,major
333867,trivial
333998,normal
334001,minor
334023,normal
334059,normal
334344,blocker
334569,normal
334617,major
334620,normal
334831,normal
334860,normal
335064,major
335087,minor
335150,trivial
335157,normal
335177,trivial
335191,critical
335417,trivial
335420,normal
335488,major
335522,normal
335572,normal
335633,normal
335743,trivial
335760,normal
335805,normal
335821,normal
335857,normal
335999,normal
336005,normal
336018,normal
336019,normal
336146,normal
336239,normal
336251,normal
336260,normal
336411,normal
336614,normal
336861,minor
337026,blocker
337073,minor
337151,minor
337209,trivial
337258,normal
337444,normal
337485,minor
337661,major
337670,normal
337683,major
337684,normal
337701,normal
337705,normal
337717,normal
337747,normal
337864,minor
337947,normal
337948,minor
337989,normal
337990,normal
337994,normal
338157,minor
338162,normal
338365,normal
338422,normal
338434,normal
338435,normal
338486,normal
338548,normal
338623,minor
338633,normal
338799,normal
338816,normal
338869,normal
339093,normal
339270,minor
339357,normal
339369,trivial
339451,normal
339667,normal
339679,normal
339820,critical
339858,normal
339877,major
340026,normal
340104,normal
340116,normal
340126,normal
340130,trivial
340139,normal
340154,minor
340223,normal
340239,major
340253,minor
340309,critical
340499,normal
340524,normal
340525,normal
340713,normal
340820,normal
340821,normal
340837,normal
340838,normal
340884,normal
340892,normal
340904,normal
340931,normal
340967,normal
340991,major
341086,normal
341088,minor
341091,normal
341192,blocker
341194,normal
341196,normal
341197,blocker
341198,blocker
341244,normal
341267,trivial
341273,normal
341284,normal
341285,blocker
341374,normal
341453,normal
341454,normal
341456,minor
341492,normal
341508,normal
341539,minor
341616,normal
341689,normal
341809,normal
341812,normal
341822,major
341866,major
341867,minor
341869,normal
342033,normal
342053,major
342060,blocker
342114,normal
342121,normal
342130,normal
342238,normal
342270,major
342271,normal
342388,normal
342400,normal
342404,minor
342410,normal
342519,normal
342731,major
342740,normal
342757,normal
342861,critical
343050,minor
343166,major
343294,normal
343337,normal
343364,critical
343421,trivial
343566,major
343699,trivial
343702,minor
343725,major
343728,major
343770,normal
343802,critical
343916,trivial
344055,major
344141,normal
344169,normal
344260,normal
344298,normal
344342,minor
344419,normal
344432,normal
344497,blocker
344516,normal
344547,normal
344612,major
344647,normal
344661,blocker
344727,normal
344903,normal
344915,major
344935,normal
344944,normal
344961,trivial
345011,normal
345032,major
345104,minor
345200,normal
345241,normal
345244,minor
345313,major
345346,normal
345359,normal
345381,critical
345389,major
345405,major
345480,normal
345504,normal
345547,normal
345652,minor
345680,normal
345701,normal
345728,major
345790,normal
345929,normal
345959,normal
346121,normal
346124,normal
346245,normal
346280,normal
346295,normal
346329,normal
346350,normal
346451,normal
346501,blocker
346502,blocker
346504,blocker
346505,blocker
346506,blocker
346507,blocker
346508,blocker
346509,blocker
346510,blocker
346524,blocker
346525,blocker
346564,normal
346667,normal
346674,normal
346691,critical
346733,minor
346814,major
346838,minor
347067,normal
347124,minor
347228,normal
347269,normal
347272,critical
347277,normal
347360,trivial
347387,normal
347453,normal
347517,normal
347619,normal
347699,major
347706,critical
347707,normal
347712,normal
347713,major
347721,normal
347777,normal
347809,minor
347811,normal
347817,critical
347818,normal
347845,major
347871,major
347893,minor
347991,minor
347997,normal
348056,normal
348070,minor
348102,normal
348166,normal
348184,normal
348244,normal
348281,minor
348283,normal
348331,trivial
348337,minor
348397,normal
348549,normal
348629,normal
348700,major
348828,normal
348871,minor
348923,normal
349015,minor
349136,normal
349139,normal
349162,trivial
349198,normal
349205,major
349363,normal
349367,trivial
349423,blocker
349517,normal
349554,normal
349560,normal
349665,normal
349666,normal
349766,minor
349855,normal
349856,normal
350083,normal
350112,major
350120,trivial
350122,normal
350237,critical
350244,major
350249,normal
350388,normal
350574,normal
350624,normal
350751,major
350897,normal
351032,normal
351182,minor
351243,normal
351300,normal
351337,normal
351382,normal
351444,normal
351462,major
351478,major
351747,normal
351771,minor
351784,normal
351958,normal
352099,normal
352355,blocker
352410,major
352466,normal
352625,normal
352695,normal
352699,normal
352700,critical
352702,minor
352967,major
353053,normal
353211,minor
353316,normal
353333,trivial
353358,normal
353464,minor
353521,normal
353524,normal
353568,normal
353705,normal
353706,normal
353755,normal
353786,normal
353796,trivial
353817,blocker
353818,major
353820,normal
354085,major
354274,critical
354314,major
354656,normal
354660,trivial
354860,normal
355144,normal
355158,normal
355172,trivial
355230,normal
355255,normal
355496,normal
355616,minor
355708,normal
355709,major
355728,critical
355833,minor
355841,normal
355881,normal
355924,minor
355994,normal
356020,normal
356074,trivial
356243,normal
356256,trivial
356272,minor
356286,major
356328,normal
356336,minor
356393,minor
356395,normal
356506,normal
356677,blocker
356794,major
356804,major
356807,normal
356926,normal
356971,minor
356976,normal
357005,normal
357211,major
357256,normal
357346,minor
357374,major
357396,major
357400,normal
357433,normal
357474,major
357478,normal
357526,normal
357537,minor
357661,normal
357676,normal
357677,blocker
357680,major
357690,minor
357695,normal
357858,minor
357873,normal
358172,normal
358205,normal
358225,normal
358229,major
358321,normal
358354,normal
358374,normal
358394,major
358484,minor
358486,trivial
358581,normal
358588,normal
358703,minor
358947,normal
358956,major
359215,normal
359315,normal
359463,normal
359499,trivial
359520,normal
359532,normal
359663,minor
359719,normal
359765,normal
359768,minor
359838,normal
359854,trivial
359943,minor
359956,normal
359987,normal
359988,normal
360006,normal
360012,normal
360202,normal
360228,normal
360321,normal
360391,normal
360489,major
360520,critical
360563,normal
360570,trivial
360587,blocker
360630,minor
360663,major
360667,normal
360688,minor
360710,normal
360719,critical
360838,minor
360900,normal
360913,normal
360967,normal
361114,blocker
361115,blocker
361116,blocker
361117,blocker
361118,blocker
361119,blocker
361120,blocker
361121,blocker
361135,trivial
361136,trivial
361140,critical
361149,minor
361158,critical
361175,normal
361176,minor
361382,normal
361514,normal
361562,normal
361564,normal
361743,normal
361809,normal
361842,normal
361867,minor
361870,trivial
361875,normal
361877,minor
361980,major
362066,major
362098,normal
362126,major
362150,normal
362177,normal
362195,normal
362301,normal
362437,normal
362441,normal
362497,normal
362865,minor
362943,normal
362957,normal
362996,trivial
363052,normal
363210,normal
363227,major
363371,normal
363494,normal
363520,normal
363556,major
363894,minor
363944,normal
363945,normal
363946,normal
364008,minor
364025,trivial
364094,minor
364095,normal
364155,normal
364156,normal
364195,major
364216,major
364237,normal
364246,normal
364247,normal
364250,normal
364284,normal
364286,normal
364293,minor
364335,normal
364361,trivial
364463,normal
364502,normal
364505,minor
364517,trivial
364694,normal
364743,critical
364748,normal
364780,normal
364833,trivial
364843,normal
364858,normal
364863,minor
364865,trivial
364879,minor
364919,minor
364920,minor
364924,minor
364950,normal
364952,minor
364962,normal
365052,normal
365058,normal
365064,major
365067,major
365071,normal
365072,critical
365073,normal
365076,normal
365078,normal
365081,normal
365082,normal
365084,major
365092,normal
365095,normal
365096,normal
365107,normal
365116,normal
365129,normal
365148,trivial
365179,major
365224,normal
365254,minor
365264,major
365287,major
365289,normal
365302,normal
365307,normal
365309,normal
365314,normal
365317,normal
365352,critical
365374,normal
365376,minor
365387,critical
365401,minor
365403,normal
365438,minor
365442,minor
365443,trivial
365444,normal
365449,normal
365455,minor
365470,trivial
365479,minor
365480,trivial
365482,trivial
365490,normal
365555,minor
365556,minor
365561,minor
365562,minor
365563,minor
365564,minor
365696,normal
365739,major
365753,minor
365790,normal
365797,normal
365818,major
365889,normal
365890,normal
365921,normal
365961,normal
366041,major
366096,normal
366180,normal
366187,normal
366219,normal
366267,normal
366270,major
366350,normal
366408,normal
366466,trivial
366558,major
366593,major
366624,major
366644,major
366672,major
366711,normal
366738,minor
366795,minor
366884,normal
366994,normal
367071,blocker
367077,critical
367087,major
367353,normal
367394,normal
367422,minor
367488,normal
367654,major
367722,minor
367771,normal
367853,normal
367872,major
367894,trivial
367956,normal
368006,minor
368047,minor
368071,normal
368147,major
368228,normal
368250,normal
368315,normal
368654,blocker
368656,blocker
368802,normal
368941,critical
368977,minor
369171,normal
369173,normal
369329,normal
369358,normal
369439,minor
369531,normal
369624,major
369648,normal
369726,normal
369768,trivial
369835,normal
369912,normal
369933,normal
369958,trivial
369960,normal
369982,minor
369994,minor
370010,normal
370060,major
370155,normal
370253,trivial
370314,normal
370398,major
370479,normal
370606,normal
370646,normal
370732,blocker
370913,major
370921,minor
370925,normal
370926,normal
371011,normal
371014,normal
371016,normal
371020,normal
371286,normal
371303,normal
371425,normal
371537,major
371727,normal
371733,minor
371758,minor
371774,minor
371833,normal
371931,major
371979,minor
372125,minor
372533,normal
373026,normal
373217,normal
373286,critical
373300,major
373312,trivial
373315,trivial
373411,major
373413,minor
373423,minor
373492,critical
373521,trivial
373534,minor
373655,critical
373661,normal
373664,normal
373744,normal
373768,major
373814,normal
373815,normal
373865,minor
373894,minor
374093,normal
374200,critical
374302,minor
374303,major
374382,normal
374473,normal
374620,blocker
374768,major
374771,minor
374965,normal
374981,normal
375191,normal
375218,normal
375246,critical
375251,trivial
375257,normal
375287,normal
375352,normal
375357,minor
375559,minor
375585,normal
375602,minor
375604,normal
375608,normal
375645,normal
375646,normal
375676,critical
376031,normal
376068,critical
376150,normal
376228,normal
376293,normal
376324,major
376467,major
376541,normal
376774,normal
376904,normal
376908,normal
376911,normal
376984,normal
377025,normal
377147,major
377202,normal
377471,normal
377564,normal
377616,normal
377733,normal
377735,critical
377860,normal
377913,normal
377940,normal
378001,normal
378092,normal
378110,normal
378392,minor
378398,normal
378420,normal
378515,normal
378522,normal
378672,normal
378681,normal
378759,major
378810,major
378861,normal
378865,major
378890,normal
378907,minor
378910,critical
379238,critical
379288,normal
379702,major
379728,normal
379772,blocker
379773,blocker
379774,blocker
379775,blocker
379776,blocker
379777,blocker
379821,normal
379861,trivial
380077,normal
380085,normal
380103,minor
380170,normal
380330,normal
380375,normal
380416,normal
380600,normal
380709,minor
380730,normal
381011,critical
381025,normal
381044,minor
381092,normal
381400,normal
381425,normal
381605,normal
381640,normal
381656,normal
381732,normal
381737,normal
381738,normal
381837,normal
381919,normal
381935,major
382056,normal
382060,minor
382068,normal
382275,normal
382330,normal
382842,normal
382974,normal
383002,normal
383042,critical
383194,normal
383197,normal
383266,normal
383284,major
383595,trivial
383630,normal
383640,normal
383643,normal
383745,minor
383782,normal
383851,normal
383903,critical
384009,normal
384015,normal
384049,normal
384134,normal
384152,trivial
384217,normal
384400,minor
384425,normal
384501,normal
384561,normal
384648,normal
384805,major
385140,minor
385158,normal
385167,major
385173,minor
385190,major
385209,blocker
385225,normal
385283,normal
385366,major
385371,normal
385415,normal
385453,major
385563,normal
385606,normal
385644,normal
385647,normal
385648,normal
385650,normal
385651,normal
385652,normal
385655,normal
385657,normal
385659,normal
385660,normal
385662,normal
385664,normal
385665,normal
385666,normal
385667,normal
385669,normal
385670,normal
385671,normal
385672,normal
385673,normal
385674,normal
385679,normal
385680,normal
385738,normal
385778,trivial
385897,minor
386321,normal
386474,major
386700,major
386715,critical
386762,normal
386805,normal
386942,normal
386961,normal
387056,normal
387177,critical
387284,trivial
387375,normal
387389,normal
387397,major
387538,normal
387547,critical
387657,major
387661,normal
387678,trivial
387681,trivial
387860,normal
387924,critical
388020,normal
388159,trivial
388165,trivial
388171,normal
388228,normal
388232,major
388249,trivial
388311,normal
388326,normal
388331,normal
388402,normal
388406,normal
388412,normal
388520,normal
388590,trivial
388723,major
388938,normal
389111,normal
389227,normal
389229,normal
389396,minor
389407,normal
389518,normal
389835,major
389840,blocker
389843,blocker
389845,blocker
389916,minor
389925,major
390040,minor
390062,trivial
390065,normal
390148,normal
390442,major
390559,normal
390603,normal
390756,critical
390781,minor
391233,blocker
391273,minor
391303,normal
391405,normal
391487,normal
391710,major
392007,normal
392175,normal
392186,normal
392247,normal
392341,normal
392429,normal
392527,minor
392573,normal
392821,trivial
392926,normal
392943,minor
393143,blocker
393145,blocker
393147,blocker
393148,normal
393277,blocker
393293,blocker
393296,blocker
393304,blocker
393310,normal
393403,normal
393703,normal
393745,trivial
393752,normal
393753,minor
393755,major
393894,normal
394123,trivial
394165,normal
394224,minor
394227,minor
394350,normal
394385,normal
394415,normal
394574,normal
394627,normal
394796,major
394874,normal
394951,normal
394953,normal
394959,trivial
395175,normal
395178,normal
395352,normal
395380,normal
395403,normal
395406,normal
395413,normal
395505,major
395682,normal
395710,blocker
395715,blocker
395717,critical
395834,normal
395896,minor
395924,normal
395951,normal
395973,normal
395982,normal
396010,normal
396104,normal
396183,major
396376,major
396413,normal
396505,blocker
396506,blocker
396508,blocker
396563,minor
396591,major
396612,blocker
396666,trivial
396692,normal
396858,normal
397163,normal
397665,minor
397969,major
398142,critical
398167,normal
398198,minor
398241,major
398250,normal
398370,normal
398420,critical
398525,normal
398548,critical
398600,major
398707,normal
398735,normal
398739,critical
398798,minor
398879,minor
398883,normal
398948,normal
398968,normal
398976,normal
398986,blocker
399004,normal
399028,normal
399370,major
399449,normal
399461,normal
399534,minor
399559,minor
399574,normal
399654,major
399823,normal
399945,normal
399996,normal
400032,minor
400132,normal
400140,normal
400160,major
400308,normal
400569,normal
400629,normal
400631,normal
400677,normal
400678,minor
401098,minor
401347,normal
401453,normal
401672,major
401789,trivial
402438,normal
402638,minor
402640,minor
402643,normal
402874,minor
402909,normal
403038,normal
403094,normal
403477,normal
403755,normal
403762,normal
403791,normal
404008,normal
404009,normal
404141,major
404276,critical
404338,normal
404412,normal
404581,minor
404705,normal
405342,normal
405350,critical
405362,major
405444,normal
405453,normal
405476,normal
405713,normal
405787,normal
405788,normal
405946,normal
405955,normal
405970,minor
405987,normal
406398,normal
406468,normal
406992,normal
407036,normal
407061,normal
407402,normal
408037,major
408151,major
408172,normal
408177,normal
408212,normal
408259,normal
408337,major
408766,normal
409463,normal
409593,minor
409598,normal
409667,normal
409682,normal
410053,normal
410182,critical
410208,trivial
410504,normal
410524,normal
410717,blocker
410769,blocker
410770,blocker
410773,blocker
410775,blocker
410779,blocker
410796,normal
410823,major
410836,normal
410859,normal
410889,normal
410902,normal
411209,normal
411240,major
411328,normal
411437,normal
411459,normal
411460,normal
411544,normal
411662,normal
411832,normal
411910,normal
412053,normal
412059,normal
412227,normal
412487,blocker
412500,blocker
412501,blocker
412503,blocker
412538,normal
412548,minor
412578,normal
412621,normal
412783,critical
412943,normal
412976,minor
413149,minor
413163,normal
413258,normal
413343,minor
413482,normal
413672,normal
413722,normal
413921,normal
413948,minor
414002,normal
414012,major
414267,major
414281,normal
414284,major
414382,normal
414430,normal
414474,normal
414552,major
414604,normal
414726,critical
414775,normal
414786,trivial
415287,normal
415396,normal
415471,major
415528,normal
415539,minor
415544,critical
415605,major
415652,major
415663,normal
415676,minor
415714,normal
415796,major
415862,trivial
415973,minor
416047,minor
416118,major
416126,normal
416481,major
416784,trivial
416902,normal
416991,normal
417030,normal
417048,normal
417146,normal
417187,normal
417188,major
417190,normal
417360,major
417438,trivial
417505,blocker
417507,normal
417521,blocker
417522,blocker
417523,blocker
417529,blocker
417531,blocker
417540,normal
417639,normal
417656,normal
418042,normal
418399,normal
418672,normal
418709,normal
418786,normal
418863,major
418895,minor
418930,major
418965,major
419188,blocker
419191,blocker
419243,blocker
419388,minor
419440,trivial
419660,normal
419748,normal
420322,normal
420684,minor
420821,major
420836,major
421045,normal
421046,normal
421064,normal
421111,major
421264,normal
421273,normal
421450,normal
421856,major
421931,minor
422111,major
422256,normal
422439,normal
422690,normal
422691,normal
422935,normal
423078,trivial
423346,major
423496,normal
423613,normal
423733,normal
423777,minor
423795,normal
423959,normal
424100,normal
424380,major
424865,minor
424961,normal
424990,normal
425039,normal
425110,blocker
425288,normal
425565,normal
425620,minor
425702,normal
425746,normal
426036,minor
426211,trivial
426461,normal
426695,normal
426899,major
427219,minor
427226,minor
427236,trivial
427459,normal
427604,normal
428069,normal
428285,normal
428289,normal
428319,normal
428383,blocker
428384,blocker
428414,major
428511,minor
428569,normal
428607,normal
428637,normal
428659,normal
428800,minor
428955,normal
429378,normal
429626,trivial
429633,normal
429767,normal
429768,minor
429816,minor
429818,minor
430011,normal
430012,normal
430013,normal
430088,normal
430098,major
430137,normal
430307,normal
430554,normal
430630,critical
431143,trivial
431170,normal
431353,normal
431370,trivial
431669,normal
431678,normal
431720,trivial
431721,normal
431730,critical
432233,normal
432302,normal
432331,blocker
432601,normal
432605,normal
432717,normal
432726,major
432731,minor
432810,normal
432822,normal
432927,critical
432931,normal
432958,critical
432959,minor
432980,normal
433015,minor
433076,normal
433077,normal
433282,normal
433300,critical
433348,minor
433414,normal
433514,normal
433547,minor
433631,trivial
433668,normal
433827,normal
434007,trivial
434064,normal
434098,normal
434199,blocker
434203,normal
434543,normal
434620,normal
434622,normal
434701,trivial
434724,minor
435076,normal
435114,normal
435250,normal
435260,major
435384,normal
435404,normal
435504,minor
435570,normal
435674,minor
435675,major
435705,normal
435727,normal
435827,normal
435892,normal
436165,normal
436306,major
436424,critical
436459,normal
436486,normal
436559,normal
436891,normal
436931,normal
437029,normal
437037,normal
437212,minor
437357,normal
437458,normal
437555,normal
437602,normal
437770,normal
437796,normal
438341,minor
438351,normal
438560,normal
438739,normal
438809,normal
439075,major
439273,normal
439407,normal
439607,critical
440259,minor
440352,normal
440476,normal
441114,major
441252,normal
441263,normal
441443,normal
441496,normal
441503,minor
441527,minor
441541,normal
441542,trivial
441921,critical
442175,normal
442247,normal
442517,normal
442612,normal
442645,minor
442821,normal
442848,normal
442853,normal
442882,normal
442993,blocker
443044,blocker
443054,normal
443170,normal
443243,trivial
443451,normal
443519,major
443852,normal
443875,normal
443892,normal
444140,normal
444185,normal
444352,minor
444441,normal
444742,normal
444896,normal
445061,critical
445104,critical
445885,normal
446327,normal
446334,major
446697,normal
447890,normal
448241,critical
448299,normal
448385,normal
448391,normal
448393,normal
448414,minor
448551,normal
448614,normal
448690,normal
448748,normal
448978,normal
449067,minor
449140,minor
449184,minor
449190,normal
449203,major
449248,normal
449258,normal
449390,major
449399,normal
449511,trivial
449572,normal
449693,normal
449700,trivial
449745,normal
449787,blocker
449791,normal
449927,trivial
449931,major
450193,normal
450197,normal
450267,trivial
450295,normal
450379,normal
450571,minor
450573,normal
450598,minor
450606,trivial
450703,normal
450704,normal
451048,normal
451050,minor
451120,normal
451269,normal
451367,major
451449,critical
451517,normal
451524,major
451545,normal
451671,major
451735,minor
451759,minor
451801,trivial
451804,trivial
452037,trivial
452519,normal
452539,trivial
452616,critical
452874,trivial
452876,normal
452877,normal
452891,minor
452896,major
453011,normal
453319,normal
453415,normal
453434,critical
453469,normal
453489,normal
453497,major
453499,major
453660,normal
453707,trivial
453767,normal
453951,major
454054,normal
454172,normal
454234,minor
454238,major
454365,major
454777,normal
454778,normal
454903,normal
455099,normal
455172,minor
455255,major
455317,normal
455379,normal
455497,normal
455558,normal
455559,minor
455583,normal
455584,normal
455585,minor
455744,trivial
455795,normal
455808,normal
455857,normal
455952,minor
456114,normal
456333,normal
456441,normal
456707,normal
456782,normal
457368,normal
457373,normal
457480,normal
457524,major
457719,normal
457724,major
457836,normal
458391,major
458516,normal
458607,minor
458627,minor
459163,normal
459365,trivial
459511,normal
459734,normal
459985,critical
460122,normal
460143,normal
460297,normal
460376,minor
460379,blocker
460381,normal
460415,normal
460421,normal
460509,normal
460749,normal
460770,normal
460787,trivial
460834,minor
460837,major
460922,normal
461017,normal
461123,normal
461127,normal
461164,normal
461178,normal
461756,normal
461757,normal
461958,trivial
462022,normal
462102,normal
462244,normal
462386,normal
462677,major
462836,major
462877,normal
462978,normal
463008,major
463048,blocker
463247,blocker
463315,minor
463376,blocker
463409,normal
463453,normal
463527,blocker
463529,blocker
463536,blocker
463540,normal
463542,blocker
463571,normal
463589,blocker
463598,normal
463677,minor
463688,major
463817,major
463838,normal
463894,normal
463954,normal
464022,normal
464056,critical
464058,normal
464675,major
464732,normal
464881,normal
464992,major
465055,normal
465075,major
465248,normal
465417,normal
465589,normal
465700,normal
465803,minor
465817,minor
465884,normal
465990,major
466030,minor
466064,normal
466319,minor
466334,normal
466398,minor
466406,normal
466574,normal
466592,normal
466604,normal
466716,blocker
466724,blocker
466777,normal
466803,normal
466839,minor
466912,minor
466988,major
467059,normal
467198,blocker
467214,trivial
467241,normal
467293,major
467324,normal
467329,normal
467331,normal
467364,normal
467388,critical
467506,minor
467569,normal
467633,major
467645,critical
467811,major
467920,major
468009,major
468249,blocker
468367,major
468375,normal
468376,major
468617,minor
469136,normal
469186,minor
469207,normal
469453,normal
469793,normal
469967,normal
470038,major
470486,major
470900,normal
470909,normal
471104,normal
471125,minor
471181,normal
471249,trivial
471279,normal
471324,normal
471461,normal
471522,normal
471523,normal
471747,minor
471777,trivial
471866,normal
471872,normal
471880,normal
471890,trivial
471994,minor
472013,normal
472041,blocker
472045,blocker
472046,normal
472047,normal
472078,blocker
472084,blocker
472206,normal
472248,blocker
472249,normal
472254,blocker
472274,trivial
472362,normal
472443,normal
472452,trivial
472457,normal
472469,normal
472486,minor
472496,normal
472549,minor
472552,minor
472645,normal
472744,normal
472788,normal
473006,trivial
473039,critical
473135,normal
473139,normal
473141,critical
473201,normal
473252,normal
473520,trivial
473521,trivial
473553,normal
473592,minor
473640,normal
473652,normal
473712,minor
473883,normal
473977,normal
473982,normal
474086,normal
474094,minor
474206,trivial
474399,minor
474467,critical
474516,normal
474550,normal
474747,minor
474761,trivial
474762,minor
474766,trivial
474775,normal
474779,normal
474795,normal
474956,critical
474997,normal
475234,minor
475277,normal
475918,major
476040,normal
476045,normal
476061,normal
476098,normal
476363,normal
476388,normal
476420,normal
476432,major
476435,trivial
476439,normal
476468,normal
476486,normal
476488,normal
476587,normal
476591,critical
476594,critical
476597,blocker
476601,trivial
476607,normal
476612,blocker
476613,blocker
476618,blocker
476622,normal
476650,normal
476821,normal
476831,normal
476884,normal
476889,critical
476943,normal
477391,normal
477420,minor
477459,blocker
477513,critical
477549,normal
477565,normal
477585,normal
477683,major
477861,normal
477978,normal
478022,normal
478136,normal
478173,normal
478193,normal
478230,minor
478232,normal
478234,minor
478413,normal
478601,minor
478681,normal
478771,normal
479197,normal
479218,trivial
479390,normal
479715,major
479780,normal
480007,trivial
480061,major
480068,major
480089,normal
480284,normal
480468,minor
480519,normal
480836,normal
480837,blocker
480858,normal
480862,minor
480865,blocker
480875,blocker
480923,normal
480999,minor
481025,normal
481164,normal
481256,normal
481405,normal
481408,normal
481506,major
481538,major
481605,normal
481661,normal
481821,minor
481910,normal
481937,normal
482100,trivial
482219,minor
482254,minor
482325,trivial
482365,normal
482371,minor
482490,minor
482556,normal
482719,normal
482838,normal
483085,normal
483150,normal
483165,minor
483275,minor
483369,normal
483741,trivial
483987,major
484116,normal
484154,normal
484316,normal
484481,normal
484498,normal
484950,major
484952,major
485062,minor
485165,normal
485569,normal
485582,normal
485724,major
485845,blocker
485915,normal
485989,blocker
485990,blocker
485998,blocker
486056,minor
486073,major
486074,normal
486118,normal
486206,normal
486239,normal
486255,normal
486323,trivial
486545,normal
486588,normal
486796,trivial
486854,normal
486864,normal
486881,normal
487069,normal
487258,normal
487342,normal
487350,normal
487443,normal
487666,trivial
487769,blocker
487865,normal
487973,normal
488027,normal
488356,trivial
488467,critical
488719,normal
488931,normal
488940,normal
488943,normal
488948,normal
489064,normal
489295,normal
489320,normal
489930,normal
490120,normal
490322,normal
490417,normal
490562,minor
490600,normal
490673,normal
490675,normal
490766,normal
490783,minor
490920,minor
490922,minor
491281,minor
491558,normal
491630,normal
491679,normal
491748,normal
491802,normal
491827,normal
492669,normal
492946,major
493054,normal
493165,normal
493242,normal
493434,trivial
493642,normal
493930,normal
493940,normal
494034,blocker
494037,blocker
494038,blocker
494072,major
494158,normal
494215,major
494352,normal
494403,normal
494427,normal
494557,critical
494628,major
494643,minor
494652,trivial
495042,normal
495257,normal
495783,critical
495865,normal
495961,normal
496077,normal
496239,normal
496381,major
496568,major
497030,normal
497070,normal
497326,normal
498289,normal
498294,normal
498890,trivial
499094,normal
499103,normal
499179,minor
499392,major
499454,normal
499778,normal
499898,major
500350,normal
500853,trivial
500900,normal
500913,normal
501040,normal
501538,normal
501639,normal
502498,normal
502641,minor
502682,normal
502760,normal
502807,normal
502950,normal
502975,major
503046,blocker
503290,major
503398,normal
503405,trivial
503799,normal
503821,normal
503980,minor
504104,normal
504315,normal
504418,normal
504433,normal
504944,normal
505015,minor
505088,normal
505165,normal
505390,normal
505453,normal
505484,normal
505490,normal
505592,major
505722,normal
505796,normal
505826,major
505973,major
506036,trivial
506056,normal
506222,minor
506483,normal
506499,blocker
506500,normal
506752,normal
507108,normal
507224,critical
507354,normal
507525,normal
507800,blocker
507801,blocker
507802,blocker
507835,normal
507957,minor
507958,normal
507959,trivial
508181,normal
508416,minor
508713,trivial
509030,normal
509035,normal
509152,normal
509196,critical
509303,normal
509328,normal
509373,normal
509520,trivial
509548,normal
509622,normal
509673,major
509777,normal
509794,normal
510129,normal
510246,normal
510496,normal
510577,normal
510944,normal
511074,normal
511110,normal
511306,normal
511337,minor
511401,critical
511410,normal
511796,normal
511871,major
512077,major
512177,normal
512468,normal
512549,normal
512598,minor
512616,normal
512960,normal
513198,normal
513458,normal
513511,normal
513585,normal
513593,normal
513989,normal
514142,major
514378,normal
514531,normal
514536,normal
514682,normal
515018,normal
515022,normal
515054,minor
515061,blocker
515194,normal
515317,normal
515454,blocker
515509,blocker
515515,normal
515606,minor
515617,major
515694,normal
515804,blocker
515814,blocker
515834,normal
515845,major
515991,normal
516041,normal
516159,critical
516164,critical
516173,minor
516337,normal
516364,trivial
516366,normal
516369,normal
516383,minor
516409,major
516692,normal
516712,normal
516917,minor
516941,normal
516956,normal
517011,normal
517037,normal
517178,major
517265,normal
517391,major
517434,major
517474,minor
517502,critical
517534,blocker
517632,normal
517650,major
518194,major
518309,major
518397,major
518398,normal
518963,trivial
519032,normal
519035,minor
519169,normal
519198,normal
519272,normal
519481,major
519484,normal
519676,minor
520378,major
520433,minor
520434,normal
520448,normal
520453,normal
521043,blocker
521045,blocker
521276,trivial
521311,normal
521361,normal
521882,normal
521903,normal
522464,minor
522620,minor
522654,normal
522949,major
523091,normal
523123,normal
523310,major
523510,normal
523710,normal
523869,normal
524244,minor
524395,normal
524508,normal
524603,minor
524675,normal
524814,major
524891,normal
524926,normal
525025,major
525252,normal
525254,minor
526189,normal
526228,normal
526271,minor
526485,minor
526702,normal
526734,minor
527040,normal
527489,major
527780,minor
528201,normal
528262,normal
528789,minor
528902,normal
528935,normal
529223,major
529267,normal
529416,normal
529480,blocker
529481,blocker
529483,blocker
529495,normal
529498,normal
529573,normal
529574,minor
529863,normal
529873,normal
530015,minor
530088,trivial
530270,critical
530388,trivial
530942,minor
531119,major
531257,normal
531439,major
531543,normal
532025,normal
532318,normal
532493,blocker
532512,critical
532515,blocker
532517,blocker
532584,major
532911,minor
532928,normal
532971,normal
533018,normal
533050,major
533067,minor
533212,normal
533262,normal
533330,normal
533510,normal
533646,normal
533650,normal
533927,minor
534057,normal
534099,minor
534446,critical
534514,normal
534515,normal
534581,normal
534584,trivial
534587,normal
534607,normal
534673,normal
534792,normal
534912,normal
535186,normal
535198,normal
535309,normal
535611,normal
535675,normal
536183,normal
536190,major
536364,normal
536583,trivial
536589,normal
537083,normal
537111,major
537295,normal
537746,normal
537758,major
537765,normal
537766,normal
537788,minor
537846,normal
538039,trivial
538088,normal
538211,normal
538337,normal
538449,normal
538551,normal
538705,normal
538871,normal
538936,normal
539018,normal
539059,normal
539081,normal
539229,normal
539667,normal
540027,normal
540391,major
540570,minor
540685,normal
540811,normal
541383,normal
541414,trivial
541427,critical
541553,critical
542208,normal
542328,normal
542464,normal
542532,normal
542671,minor
542790,normal
542931,normal
542973,normal
543102,normal
543343,normal
543346,normal
543459,major
543986,normal
543987,major
544008,blocker
544083,normal
544084,normal
544114,normal
544296,normal
544506,major
544615,major
544662,normal
544751,normal
544798,major
544899,normal
544990,normal
545029,normal
545253,normal
545260,normal
545277,major
545667,minor
545695,trivial
545978,trivial
546019,normal
546338,trivial
546353,minor
546507,normal
546719,major
546763,trivial
546821,normal
546867,normal
546871,trivial
547126,normal
547428,normal
547465,blocker
547466,blocker
547512,minor
547601,normal
547638,normal
547748,minor
547863,normal
548220,normal
548234,normal
548313,normal
548443,normal
548975,normal
549066,normal
549177,trivial
549482,blocker
549588,normal
549671,normal
549685,normal
549814,normal
549865,normal
549875,normal
550148,normal
550170,normal
550299,normal
550502,minor
550618,critical
550747,normal
550748,normal
550749,normal
550765,major
550966,normal
551068,trivial
551104,major
551119,normal
551146,normal
551199,major
551210,normal
551398,normal
551426,minor
551651,normal
551977,normal
552167,normal
552168,minor
552299,normal
552313,normal
552349,normal
552353,normal
552676,major
553255,normal
553266,major
553279,normal
553422,normal
553591,major
553770,normal
553774,critical
553818,major
553913,normal
553923,minor
554052,normal
554086,major
554409,major
554523,blocker
554536,normal
554560,normal
554569,normal
554714,normal
554729,minor
554948,normal
554986,major
555318,minor
555422,normal
555424,normal
555538,minor
555931,normal
555955,normal
555984,trivial
556000,trivial
556021,trivial
556045,normal
557345,normal
557385,blocker
557399,normal
557495,normal
557686,normal
557763,normal
557769,normal
557806,minor
557911,normal
558032,minor
558199,trivial
558285,normal
558696,normal
558811,normal
559026,normal
559245,major
559573,normal
559631,normal
559718,normal
559988,blocker
560029,normal
560161,trivial
560215,minor
560318,major
560330,normal
560545,normal
560691,normal
560773,minor
560817,normal
560862,trivial
560891,normal
561041,minor
561067,major
561170,minor
561213,minor
561322,normal
561348,normal
561379,major
561465,normal
562888,normal
563144,normal
563571,critical
563894,trivial
564160,normal
564433,normal
564629,normal
564650,normal
565002,major
565145,blocker
565240,normal
565314,normal
565364,trivial
565790,blocker
565794,critical
565880,normal
565920,blocker
565942,normal
566069,normal
566195,blocker
566198,blocker
566199,blocker
566276,normal
566299,normal
567303,critical
567629,major
567670,blocker
567671,normal
567729,normal
567953,normal
567981,normal
567996,normal
568019,normal
568158,normal
568220,normal
568503,normal
569199,normal
569385,normal
570441,normal
570567,minor
570987,minor
571003,minor
571498,major
571636,normal
571637,minor
571820,major
571928,normal
572108,minor
572110,minor
572384,normal
572393,major
572407,normal
572423,normal
572603,critical
573441,normal
573450,normal
573451,normal
574029,normal
574166,normal
574566,normal
574892,major
574895,blocker
574896,blocker
574940,minor
575021,minor
575022,minor
575097,blocker
575454,trivial
575475,normal
575497,minor
575499,trivial
575501,normal
576060,minor
576105,normal
576230,normal
576231,normal
576481,critical
576865,normal
576871,normal
576911,minor
576912,normal
576916,minor
576969,normal
577037,major
577049,normal
577053,major
577054,normal
577058,normal
577080,normal
577089,normal
577149,normal
577388,normal
577407,normal
577412,minor
577415,normal
577453,normal
577538,major
577557,normal
577569,minor
577574,minor
577575,normal
577577,normal
577582,normal
577588,normal
577602,major
577754,normal
577765,normal
577853,normal
577903,major
577956,major
578036,normal
578197,minor
578241,trivial
578253,normal
578256,normal
578258,normal
578267,minor
578324,normal
578335,normal
578366,trivial
578433,normal
578513,normal
578572,normal
578599,minor
578745,normal
578787,normal
578815,normal
578958,normal
578962,normal
579189,minor
579214,normal
579218,normal
579292,major
579367,normal
579695,normal
579749,normal
579797,blocker
579915,normal
580214,blocker
580366,normal
580500,critical
580761,critical
580778,normal
580865,normal
581189,normal
581311,normal
581316,trivial
581326,minor
581327,major
581422,trivial
581446,normal
581448,normal
581622,major
581663,minor
581668,normal
581690,normal
581693,trivial
581798,minor
581933,normal
582209,normal
582339,trivial
583154,normal
583165,normal
583167,normal
583287,normal
583535,trivial
583614,critical
583622,normal
583645,critical
583646,normal
583649,blocker
583690,normal
583778,normal
583884,critical
584018,minor
584021,minor
584032,normal
584036,minor
584069,major
584110,normal
584414,normal
584427,minor
584428,blocker
584429,blocker
584739,major
585028,normal
585031,normal
585055,normal
585454,minor
585490,normal
585498,normal
585633,major
585650,critical
585802,normal
585825,normal
585852,trivial
585878,critical
585938,normal
586011,normal
586244,normal
586497,major
586871,minor
586911,normal
586951,normal
587568,normal
588365,normal
588368,normal
588483,normal
589100,major
589424,normal
589463,normal
589525,minor
590901,trivial
591218,normal
591535,normal
591610,normal
591636,normal
591638,minor
591641,trivial
591781,minor
591865,trivial
592012,normal
592480,normal
593170,minor
593173,normal
593881,trivial
593887,normal
594155,normal
594518,normal
594527,trivial
594947,normal
594970,normal
594990,normal
595380,normal
595410,normal
595712,normal
595735,normal
596740,major
597683,minor
597762,normal
597772,minor
597779,normal
597833,normal
598147,normal
598193,minor
598377,normal
598698,trivial
599023,normal
599262,minor
599263,minor
599264,minor
599399,normal
599539,normal
599552,minor
599953,normal
600492,normal
600494,normal
600495,normal
600496,normal
600516,normal
600578,normal
600598,normal
600616,normal
600674,normal
600810,major
601218,trivial
601370,trivial
601371,minor
601524,normal
601572,normal
601848,normal
602458,normal
602832,normal
603121,normal
603160,normal
603566,major
603596,normal
603598,normal
603654,normal
603754,normal
603762,trivial
604107,normal
604255,blocker
604256,blocker
604388,normal
604522,normal
604942,major
605425,normal
605693,normal
605824,minor
606168,normal
606254,normal
606511,normal
606518,normal
606618,critical
606854,blocker
607323,normal
607332,normal
607581,minor
607649,normal
607675,normal
607716,normal
607966,normal
608179,normal
608188,blocker
608437,trivial
608472,major
608645,blocker
608671,critical
609404,minor
609538,normal
609817,minor
610279,normal
610739,normal
610767,normal
610812,normal
610959,normal
611129,major
611201,critical
611623,normal
611645,normal
611891,minor
611974,normal
611979,normal
612347,normal
612888,minor
614507,normal
615636,trivial
616341,normal
616381,normal
616679,normal
616981,normal
617030,normal
617280,normal
617308,major
617477,normal
617590,normal
617641,normal
617676,normal
617684,normal
617708,normal
617924,normal
618161,minor
618271,minor
618841,trivial
618842,trivial
618844,trivial
619203,major
619555,minor
619581,normal
619588,normal
619594,critical
619637,major
619648,major
619987,critical
619994,critical
620011,normal
620037,blocker
620234,normal
620519,blocker
620540,blocker
620694,trivial
620786,normal
620946,major
620985,normal
621104,major
621109,minor
621111,normal
621591,critical
621597,normal
621670,major
621852,normal
621881,normal
621925,normal
622048,normal
622065,normal
622079,normal
622204,major
622437,minor
622460,minor
622487,minor
622679,normal
623090,normal
623225,normal
623408,normal
623476,major
623914,major
624414,normal
624664,major
625020,major
625129,minor
625190,normal
626318,normal
626725,normal
626726,normal
627349,normal
627775,normal
627910,blocker
627923,blocker
627930,blocker
627931,blocker
628066,major
628471,normal
628681,normal
629153,minor
629321,normal
629529,normal
629583,trivial
629916,normal
630681,major
630710,normal
630750,normal
630800,normal
630847,normal
630907,normal
631158,normal
631312,normal
631328,normal
631408,normal
631487,normal
631874,normal
631988,normal
633041,minor
633055,minor
633061,normal
633139,minor
633354,normal
633422,minor
633569,normal
633604,normal
633767,normal
633902,blocker
633945,major
634144,normal
634177,normal
634234,major
634243,normal
634273,normal
634524,normal
634591,major
634812,normal
634841,normal
635217,major
635243,normal
635260,major
635517,minor
635882,minor
636118,normal
636249,major
636412,normal
636441,normal
636898,major
637016,minor
637146,normal
637310,normal
637357,normal
637422,normal
637426,normal
637945,normal
637977,normal
637981,major
638032,blocker
639151,normal
639199,normal
639468,normal
639687,major
639803,normal
640022,critical
640184,trivial
640448,normal
640719,normal
640756,normal
640771,normal
640985,normal
640987,normal
640995,major
641020,normal
641062,normal
641216,normal
641244,normal
641441,normal
641450,normal
641519,normal
641792,minor
641957,normal
642388,trivial
642948,major
643342,minor
643718,normal
644285,normal
644334,normal
644524,normal
644722,normal
644969,minor
645006,major
645118,normal
645721,normal
645722,normal
645849,normal
645949,normal
646005,normal
646209,normal
646394,normal
646668,normal
646743,normal
646750,critical
646939,normal
647006,normal
647013,normal
647158,minor
647168,major
648096,normal
648178,normal
648600,normal
650173,minor
650593,normal
651797,normal
652047,normal
652126,trivial
652165,normal
652326,normal
652405,trivial
652474,blocker
652663,normal
652720,normal
652748,normal
652798,normal
652987,normal
653104,normal
653263,normal
653273,blocker
653274,normal
653275,blocker
653378,normal
653477,normal
653487,normal
653834,normal
654451,major
654496,normal
654833,normal
655472,normal
655481,normal
655847,normal
655848,normal
655910,normal
655912,normal
656216,trivial
656227,trivial
656237,normal
656549,normal
656566,normal
656585,trivial
656611,trivial
656856,trivial
657114,normal
657134,normal
657158,normal
657194,normal
657222,normal
657246,normal
657290,normal
657310,normal
657561,normal
657707,major
657737,normal
657894,trivial
657895,trivial
657896,trivial
658407,normal
658723,normal
658905,normal
658945,normal
658947,normal
658988,normal
659880,major
660464,normal
660502,normal
660528,blocker
660531,blocker
660947,major
661360,normal
661482,normal
661537,normal
662013,normal
662197,normal
662202,trivial
662406,normal
662478,normal
662481,normal
662491,normal
662835,major
662899,normal
663377,normal
663696,normal
663770,normal
663835,normal
665224,normal
666279,normal
666313,trivial
666421,critical
666747,normal
666781,normal
667150,normal
667228,trivial
667503,normal
667583,normal
667903,normal
668751,normal
669567,normal
670062,minor
670128,normal
670169,minor
670868,major
670906,normal
670927,normal
671353,normal
671956,normal
671964,normal
672173,normal
672788,normal
673702,normal
673718,normal
673976,trivial
674416,normal
674497,normal
674574,normal
675171,normal
675542,normal
675633,normal
675751,blocker
675752,blocker
675754,blocker
675853,normal
676200,normal
676237,normal
676416,normal
676825,normal
677187,normal
677698,normal
677890,normal
677931,normal
678357,normal
678772,major
678805,normal
678844,minor
679290,normal
680049,normal
680669,normal
680729,normal
680946,normal
681538,normal
681570,normal
681635,normal
682114,normal
682203,major
682250,normal
682317,normal
682747,normal
683077,normal
683644,major
683680,normal
683751,normal
683956,normal
684511,normal
684673,normal
684744,normal
685129,normal
685316,trivial
685552,normal
685591,normal
685611,normal
685863,normal
686133,major
686227,normal
686246,normal
686422,normal
686682,normal
686780,major
686786,major
686860,normal
686904,major
686963,normal
686967,normal
686971,normal
686995,critical
687247,critical
687421,normal
687725,normal
687829,normal
688163,normal
688257,normal
688413,normal
688431,normal
689175,normal
689862,normal
690173,normal
690310,normal
690328,normal
690488,normal
691697,normal
691845,normal
692063,normal
692737,normal
693137,major
694520,normal
694524,normal
694663,normal
694723,normal
694760,normal
694924,normal
695167,normal
695294,minor
696112,normal
697020,normal
697219,normal
697371,normal
697585,normal
697699,critical
698068,trivial
698737,normal
699004,normal
699005,normal
699660,normal
699760,normal
700219,normal
701881,normal
702208,normal
702607,normal
702713,blocker
702843,normal
702864,normal
702876,normal
703975,normal
703983,normal
704461,normal
704580,normal
705393,minor
705606,normal
706118,normal
706443,normal
706753,normal
707170,normal
707428,normal
707594,major
707597,normal
709075,normal
709420,normal
709573,normal
711038,normal
711714,critical
711925,critical
712239,normal
712288,normal
712895,normal
713098,normal
713290,normal
713343,blocker
713344,blocker
713345,blocker
713346,blocker
713348,blocker
713601,normal
714208,normal
714446,normal
714518,normal
714664,minor
715115,normal
715270,normal
715432,minor
715650,normal
715705,normal
715733,normal
715806,normal
715870,normal
715902,normal
715904,normal
716227,normal
716265,normal
716283,normal
716726,blocker
718283,trivial
718397,normal
720445,normal
720634,normal
720745,blocker
720746,blocker
720750,blocker
720751,blocker
720752,blocker
720756,blocker
721715,normal
722113,normal
722161,normal
723745,normal
723854,normal
724464,normal
724543,normal
724801,normal
725048,normal
725617,normal
725786,normal
725802,normal
726312,normal
726484,normal
726985,normal
727240,normal
727890,blocker
727891,blocker
727892,blocker
727893,blocker
727896,blocker
728163,normal
729510,normal
730032,normal
730207,normal
730598,normal
730766,normal
730791,normal
730984,normal
731055,normal
731156,normal
731163,normal
731175,minor
731178,normal
731290,normal
731323,normal
731540,normal
731542,normal
731586,normal
732426,normal
733458,trivial
734413,minor
734844,normal
734997,normal
736471,normal
737436,normal
737850,normal
737915,normal
738205,normal
738238,normal
738609,normal
739331,normal
739353,normal
739480,normal
740879,minor
741075,blocker
741077,blocker
741078,blocker
741079,blocker
743443,normal
743620,normal
743932,normal
744075,normal
744338,normal
744823,normal
745080,normal
745320,normal
745397,critical
745460,minor
745682,normal
746230,normal
746357,normal
746514,normal
746595,normal
747652,normal
747755,normal
747863,normal
747864,normal
748976,normal
749540,normal
752088,normal
752303,blocker
753783,normal
754017,normal
754090,normal
754802,normal
754812,normal
755014,normal
755216,normal
756011,normal
756023,critical
756314,normal
757935,normal
758086,minor
758148,trivial
758468,normal
759168,trivial
759174,normal
759413,trivial
759474,normal
759586,normal
759763,normal
759850,normal
759999,normal
760020,minor
760075,normal
760919,normal
760932,normal
760944,trivial
761033,normal
761173,normal
761199,normal
761230,minor
761300,normal
761668,normal
762404,normal
765630,normal
765922,normal
767011,normal
767211,major
767707,normal
767731,normal
768573,normal
770104,minor
772015,normal
772058,normal
772809,normal
772953,normal
773567,normal
774085,normal
774625,normal
774981,normal
775538,normal
775693,normal
777154,normal
777398,critical
777553,blocker
777555,blocker
777558,blocker
777586,normal
777675,blocker
777676,blocker
777685,normal
778069,normal
778112,major
778610,normal
779061,minor
779088,normal
779098,major
779365,normal
779414,trivial
779643,normal
779709,major
780028,critical
780053,major
780683,normal
780853,normal
780883,normal
781059,minor
781314,normal
781549,blocker
781672,normal
782531,normal
782687,major
782959,normal
783053,blocker
783386,critical
783786,major
783873,normal
783879,major
784649,normal
785363,normal
785470,critical
785511,minor
785522,major
785746,normal
785747,normal
785830,normal
786157,critical
786310,normal
786351,blocker
786352,blocker
786355,blocker
786364,blocker
786691,normal
786889,normal
787317,normal
787355,normal
787371,critical
787428,normal
787646,normal
787687,normal
787697,normal
787784,normal
788098,normal
788424,normal
788467,normal
789848,normal
790129,normal
790134,normal
790215,normal
790562,normal
790700,normal
790909,normal
791564,normal
791602,normal
792403,normal
792411,normal
793112,normal
793893,normal
794389,normal
794730,normal
797680,minor
798994,normal
799224,normal
800109,normal
800317,minor
800452,normal
800839,normal
800842,minor
801569,normal
802204,normal
802958,normal
803852,normal
803966,normal
804093,normal
804505,normal
804557,minor
805640,blocker
805644,blocker
805645,blocker
805647,blocker
805649,blocker
805650,blocker
806012,normal
806098,normal
806809,normal
806920,normal
807318,normal
807937,minor
807978,blocker
808241,normal
808845,critical
810033,normal
810194,normal
810934,critical
810939,normal
811059,normal
811715,normal
812054,major
812439,normal
812720,normal
813069,normal
813191,normal
813832,normal
814654,trivial
816333,normal
818002,normal
818426,normal
818495,normal
818621,normal
818846,normal
818858,normal
818890,normal
819330,normal
819355,normal
820467,normal
820490,normal
821585,critical
821650,normal
821997,normal
822064,normal
822337,normal
823689,normal
824644,trivial
825584,normal
825587,normal
